-- ============================================================
-- 榔头(Langtou)社交内容社区APP - 初始化测试数据
-- ============================================================

USE `langtou`;

-- ============================================================
-- 1. 插入测试用户（5个）
-- 密码均为 bcrypt 哈希值，明文为: Langtou@123
-- ============================================================
INSERT INTO `users` (`id`, `username`, `nickname`, `avatar_url`, `phone`, `email`, `password_hash`, `bio`, `gender`, `birthday`, `location`, `follower_count`, `following_count`, `note_count`, `like_count`, `status`, `created_at`, `updated_at`) VALUES
(1, 'xiaohong', '小红爱生活', 'https://cdn.langtou.com/avatar/1.jpg', '13800138001', 'xiaohong@example.com', '$2a$10$N9qo8uLOickgx2ZMRZoMy.MqrqQzBZN0UfGNEsKYGsGvJz1eL9QqK', '热爱生活，分享美好', 2, '1995-06-15', '上海', 1280, 56, 8, 3420, 0, '2024-01-10 08:30:00.000', '2024-06-10 14:22:00.000'),
(2, 'tech_geek', '科技极客', 'https://cdn.langtou.com/avatar/2.jpg', '13800138002', 'tech@example.com', '$2a$10$N9qo8uLOickgx2ZMRZoMy.MqrqQzBZN0UfGNEsKYGsGvJz1eL9QqK', '数码评测 | 科技资讯 | 极客生活', 1, '1992-03-22', '北京', 5600, 128, 12, 12800, 0, '2024-01-15 10:00:00.000', '2024-06-09 09:15:00.000'),
(3, 'foodie_momo', '美食探店喵', 'https://cdn.langtou.com/avatar/3.jpg', '13800138003', 'foodie@example.com', '$2a$10$N9qo8uLOickgx2ZMRZoMy.MqrqQzBZN0UfGNEsKYGsGvJz1eL9QqK', '吃遍天下美食，记录每一口幸福', 2, '1998-11-08', '成都', 8900, 230, 15, 25600, 0, '2024-02-01 12:00:00.000', '2024-06-10 18:45:00.000'),
(4, 'travel_da', '旅行达人阿伟', 'https://cdn.langtou.com/avatar/4.jpg', '13800138004', 'travel@example.com', '$2a$10$N9qo8uLOickgx2ZMRZoMy.MqrqQzBZN0UfGNEsKYGsGvJz1eL9QqK', '用脚步丈量世界，用镜头记录风景', 1, '1990-07-30', '杭州', 15200, 88, 10, 45800, 0, '2024-02-20 07:45:00.000', '2024-06-08 11:30:00.000'),
(5, 'fitness_lily', '健身达人Lily', 'https://cdn.langtou.com/avatar/5.jpg', '13800138005', 'fitness@example.com', '$2a$10$N9qo8uLOickgx2ZMRZoMy.MqrqQzBZN0UfGNEsKYGsGvJz1eL9QqK', '自律给我自由，健身改变人生', 2, '1996-04-12', '深圳', 6700, 45, 6, 18900, 0, '2024-03-05 06:00:00.000', '2024-06-10 07:20:00.000');

-- ============================================================
-- 2. 插入测试笔记（10条）
-- ============================================================
INSERT INTO `notes` (`id`, `user_id`, `title`, `content`, `images`, `video_url`, `tags`, `location`, `like_count`, `comment_count`, `collect_count`, `share_count`, `view_count`, `status`, `created_at`, `updated_at`) VALUES
(1, 1, '上海周末去哪儿？这家咖啡馆太治愈了', '周末和朋友探店了一家隐藏在老洋房里的咖啡馆，环境超级治愈。阳光透过落地窗洒进来，配上手冲咖啡的香气，整个人都放松了下来。推荐他们家的燕麦拿铁和提拉米苏！\n\n地址：徐汇区武康路xx号\n人均：80元\n\n#上海探店 #咖啡馆 #周末好去处', '["https://cdn.langtou.com/note/1_1.jpg", "https://cdn.langtou.com/note/1_2.jpg", "https://cdn.langtou.com/note/1_3.jpg"]', '', '["上海探店", "咖啡馆", "周末好去处"]', '上海·徐汇区', 342, 56, 128, 45, 5600, 0, '2024-03-10 14:30:00.000', '2024-06-10 10:00:00.000'),
(2, 1, '独居女孩的租房改造，千元打造温馨小窝', '租来的房子也要用心生活！花了不到1000元，把20平米的小单间改造成了温馨的ins风小窝。\n\n改造清单：\n- 四件套：168元\n- 落地灯：89元\n- 墙面贴纸：45元\n- 收纳架：120元\n- 绿植：60元\n\n每天下班回到这个小窝，疲惫都消散了一半。', '["https://cdn.langtou.com/note/2_1.jpg", "https://cdn.langtou.com/note/2_2.jpg", "https://cdn.langtou.com/note/2_3.jpg", "https://cdn.langtou.com/note/2_4.jpg"]', '', '["租房改造", "独居生活", "家居好物"]', '上海·浦东新区', 890, 124, 567, 89, 12800, 0, '2024-03-15 09:00:00.000', '2024-06-09 16:30:00.000'),
(3, 2, '2024年最值得入手的三款手机横评', '花了两周时间深度体验了今年最火的三款旗舰手机，从性能、影像、续航三个维度给大家做个横评。\n\n1. iPhone 15 Pro Max\n优点：A17 Pro性能强悍、视频拍摄天花板\n缺点：充电慢、价格高\n\n2. 小米14 Ultra\n优点：徕卡影像、120W快充\n缺点：系统广告多\n\n3. 华为Mate 60 Pro\n优点：卫星通信、鸿蒙生态\n缺点：芯片性能受限\n\n总结：视频创作者选iPhone，摄影爱好者选小米，商务人士选华为。', '["https://cdn.langtou.com/note/3_1.jpg", "https://cdn.langtou.com/note/3_2.jpg"]', 'https://cdn.langtou.com/video/3_1.mp4', '["手机评测", "数码", "科技"]', '北京·海淀区', 2560, 432, 890, 567, 45600, 0, '2024-03-20 11:00:00.000', '2024-06-10 08:15:00.000'),
(4, 2, '程序员必备效率工具清单，提升300%生产力', '作为10年老程序员，分享我日常工作中离不开的效率工具，每一个都是经过实战检验的。\n\n1. Cursor - AI编程助手，代码补强神器\n2. Raycast - Mac效率启动器，替代Spotlight\n3. Obsidian - 知识管理，双向链接笔记\n4. Warp - 现代化终端，支持AI命令提示\n5. Fig - 终端自动补全\n\n这些工具组合使用，每天至少节省2小时。', '["https://cdn.langtou.com/note/4_1.jpg"]', '', '["程序员", "效率工具", "生产力"]', '北京·中关村', 1890, 267, 1234, 345, 32100, 0, '2024-03-25 15:30:00.000', '2024-06-08 14:00:00.000'),
(5, 3, '成都必吃！这家火锅让我排队3小时也值得', '来成都不吃火锅等于白来！这家藏在巷子里的老火锅，是我吃过最正宗的成都味道。\n\n必点菜：\n- 毛肚（七上八下，脆嫩爽口）\n- 鸭肠（新鲜弹牙）\n- 嫩牛肉（腌制入味）\n- 脑花（入口即化）\n\n锅底推荐中辣，配上唯怡豆奶，绝配！', '["https://cdn.langtou.com/note/5_1.jpg", "https://cdn.langtou.com/note/5_2.jpg", "https://cdn.langtou.com/note/5_3.jpg"]', '', '["成都美食", "火锅", "探店"]', '成都·锦江区', 4560, 678, 2345, 890, 67800, 0, '2024-04-01 18:00:00.000', '2024-06-10 19:30:00.000'),
(6, 3, '自制低卡减脂餐，一周不重样', '减脂期不知道怎么吃？分享我的一周减脂餐食谱，每顿都控制在400大卡以内，好吃不饿瘦。\n\n周一：鸡胸肉沙拉+藜麦饭\n周二：香煎三文鱼+西兰花\n周三：牛肉波奇碗\n周四：虾仁滑蛋+芦笋\n周五：金枪鱼三明治\n\n配合每天30分钟有氧运动，一个月瘦8斤不是梦！', '["https://cdn.langtou.com/note/6_1.jpg", "https://cdn.langtou.com/note/6_2.jpg", "https://cdn.langtou.com/note/6_3.jpg", "https://cdn.langtou.com/note/6_4.jpg", "https://cdn.langtou.com/note/6_5.jpg"]', '', '["减脂餐", "健康饮食", "健身"]', '成都·武侯区', 2340, 345, 1567, 456, 34500, 0, '2024-04-05 12:00:00.000', '2024-06-09 11:00:00.000'),
(7, 4, '新疆自驾游15天，我拍到了人生照片', '历时15天，行程5000公里，从乌鲁木齐到喀什，穿越独库公路，这片土地的壮美远超想象。\n\nDay1-3：乌鲁木齐-赛里木湖\nDay4-6：伊犁草原\nDay7-9：独库公路\nDay10-12：巴音布鲁克\nDay13-15：喀什古城\n\n每一帧都是壁纸，每一眼都是震撼。新疆，值得每个人来一次。', '["https://cdn.langtou.com/note/7_1.jpg", "https://cdn.langtou.com/note/7_2.jpg", "https://cdn.langtou.com/note/7_3.jpg"]', 'https://cdn.langtou.com/video/7_1.mp4', '["新疆", "自驾游", "旅行"]', '新疆·喀什', 8900, 1234, 4567, 2345, 128000, 0, '2024-04-10 08:00:00.000', '2024-06-10 12:00:00.000'),
(8, 4, '杭州西湖边的隐秘茶室，本地人私藏', '避开游客拥挤的断桥，在西湖深处发现了一家百年老茶室。坐在临湖的榻榻米上，品一壶龙井，看西湖烟雨，这才是杭州的正确打开方式。\n\n茶室名：湖畔居\n推荐：明前龙井、桂花藕粉\n最佳时间：工作日下午3-5点\n\n记得提前预约窗边的位置！', '["https://cdn.langtou.com/note/8_1.jpg", "https://cdn.langtou.com/note/8_2.jpg"]', '', '["杭州", "茶室", "西湖"]', '杭州·西湖区', 1560, 234, 890, 234, 23400, 0, '2024-04-15 15:00:00.000', '2024-06-08 09:30:00.000'),
(9, 5, '女生健身入门指南，避开这些坑', '健身3年，从健身小白到持证教练，总结新手最容易犯的5个错误：\n\n1. 只练有氧不练力量（会掉肌肉，基础代谢下降）\n2. 节食减肥（反弹快，易暴食）\n3. 不做热身直接开练（受伤风险高）\n4. 每天练同一个部位（肌肉需要恢复时间）\n5. 忽视睡眠（肌肉在睡眠中生长）\n\n正确的开始方式是：力量+有氧结合，合理饮食，保证睡眠。', '["https://cdn.langtou.com/note/9_1.jpg", "https://cdn.langtou.com/note/9_2.jpg"]', '', '["健身", "女生健身", "运动"]', '深圳·南山区', 3450, 567, 2345, 678, 56700, 0, '2024-04-20 07:00:00.000', '2024-06-10 06:45:00.000'),
(10, 5, '30天马甲线挑战，亲测有效', '坚持30天，每天15分钟，终于练出了若隐若现的马甲线！\n\n训练计划：\n周一：核心激活+卷腹\n周二：侧腹训练+俄罗斯转体\n周三：平板支撑挑战\n周四：有氧燃脂\n周五：全身核心\n周末：休息或瑜伽\n\n饮食配合：少油少盐，多吃蛋白质，晚餐七分饱。', '["https://cdn.langtou.com/note/10_1.jpg", "https://cdn.langtou.com/note/10_2.jpg", "https://cdn.langtou.com/note/10_3.jpg"]', 'https://cdn.langtou.com/video/10_1.mp4', '["马甲线", "健身", "减脂"]', '深圳·福田区', 5670, 890, 3456, 1234, 89000, 0, '2024-04-25 20:00:00.000', '2024-06-10 21:00:00.000');

-- ============================================================
-- 3. 插入关注关系
-- ============================================================
INSERT INTO `follows` (`follower_id`, `following_id`, `created_at`) VALUES
(1, 2, '2024-02-01 10:00:00.000'),
(1, 3, '2024-02-05 14:00:00.000'),
(2, 1, '2024-02-10 09:00:00.000'),
(2, 4, '2024-02-15 11:00:00.000'),
(3, 1, '2024-03-01 08:00:00.000'),
(3, 5, '2024-03-05 16:00:00.000'),
(4, 2, '2024-03-10 07:00:00.000'),
(4, 3, '2024-03-15 13:00:00.000'),
(5, 3, '2024-04-01 06:00:00.000'),
(5, 4, '2024-04-05 18:00:00.000');

-- ============================================================
-- 4. 插入标签
-- ============================================================
INSERT INTO `tags` (`id`, `name`, `note_count`, `status`, `created_at`) VALUES
(1, '上海探店', 1, 0, '2024-01-01 00:00:00.000'),
(2, '咖啡馆', 1, 0, '2024-01-01 00:00:00.000'),
(3, '租房改造', 1, 0, '2024-01-01 00:00:00.000'),
(4, '手机评测', 1, 0, '2024-01-01 00:00:00.000'),
(5, '数码', 1, 0, '2024-01-01 00:00:00.000'),
(6, '程序员', 1, 0, '2024-01-01 00:00:00.000'),
(7, '成都美食', 1, 0, '2024-01-01 00:00:00.000'),
(8, '火锅', 1, 0, '2024-01-01 00:00:00.000'),
(9, '减脂餐', 1, 0, '2024-01-01 00:00:00.000'),
(10, '新疆', 1, 0, '2024-01-01 00:00:00.000'),
(11, '自驾游', 1, 0, '2024-01-01 00:00:00.000'),
(12, '杭州', 1, 0, '2024-01-01 00:00:00.000'),
(13, '健身', 3, 0, '2024-01-01 00:00:00.000'),
(14, '女生健身', 1, 0, '2024-01-01 00:00:00.000'),
(15, '马甲线', 1, 0, '2024-01-01 00:00:00.000');

-- ============================================================
-- 5. 插入笔记标签关联
-- ============================================================
INSERT INTO `note_tags` (`note_id`, `tag_id`) VALUES
(1, 1), (1, 2),
(2, 3),
(3, 4), (3, 5),
(4, 6),
(5, 7), (5, 8),
(6, 9), (6, 13),
(7, 10), (7, 11),
(8, 12),
(9, 13), (9, 14),
(10, 13), (10, 15);

-- ============================================================
-- 6. 插入评论
-- ============================================================
INSERT INTO `comments` (`id`, `user_id`, `note_id`, `parent_id`, `content`, `like_count`, `status`, `created_at`) VALUES
(1, 2, 1, 0, '这家我也去过！燕麦拿铁确实好喝', 12, 0, '2024-03-10 15:00:00.000'),
(2, 3, 1, 0, '收藏了，周末去打卡', 8, 0, '2024-03-10 16:00:00.000'),
(3, 1, 1, 2, '记得早点去，下午人很多', 3, 0, '2024-03-10 16:30:00.000'),
(4, 4, 3, 0, '小米14 Ultra的拍照确实强，已入手', 45, 0, '2024-03-20 12:00:00.000'),
(5, 5, 3, 0, '华为用户表示卫星通信真香', 32, 0, '2024-03-20 13:00:00.000'),
(6, 1, 5, 0, '看饿了，明天就去吃！', 67, 0, '2024-04-01 19:00:00.000'),
(7, 4, 5, 0, '成都火锅yyds', 23, 0, '2024-04-01 20:00:00.000'),
(8, 2, 7, 0, '新疆已加入我的旅行清单', 89, 0, '2024-04-10 09:00:00.000'),
(9, 3, 7, 0, '独库公路真的绝美，去年刚去过', 56, 0, '2024-04-10 10:00:00.000'),
(10, 1, 9, 0, '新手表示很受用，感谢分享', 34, 0, '2024-04-20 08:00:00.000');

-- ============================================================
-- 7. 插入点赞
-- ============================================================
INSERT INTO `likes` (`user_id`, `target_id`, `target_type`, `created_at`) VALUES
(1, 3, 'note', '2024-03-20 12:00:00.000'),
(1, 5, 'note', '2024-04-01 19:00:00.000'),
(2, 1, 'note', '2024-03-10 15:00:00.000'),
(2, 7, 'note', '2024-04-10 09:00:00.000'),
(3, 1, 'note', '2024-03-10 16:00:00.000'),
(3, 9, 'note', '2024-04-20 08:00:00.000'),
(4, 3, 'note', '2024-03-20 12:30:00.000'),
(4, 5, 'note', '2024-04-01 20:00:00.000'),
(5, 5, 'note', '2024-04-02 08:00:00.000'),
(5, 7, 'note', '2024-04-10 10:00:00.000'),
(1, 4, 'comment', '2024-03-20 13:00:00.000'),
(2, 6, 'comment', '2024-04-01 20:00:00.000'),
(3, 8, 'comment', '2024-04-10 11:00:00.000');

-- ============================================================
-- 8. 插入收藏
-- ============================================================
INSERT INTO `collections` (`user_id`, `note_id`, `created_at`) VALUES
(1, 3, '2024-03-20 12:00:00.000'),
(1, 7, '2024-04-10 09:00:00.000'),
(2, 1, '2024-03-10 15:00:00.000'),
(2, 5, '2024-04-01 20:00:00.000'),
(3, 2, '2024-03-15 10:00:00.000'),
(3, 9, '2024-04-20 09:00:00.000'),
(4, 6, '2024-04-05 10:00:00.000'),
(4, 10, '2024-04-25 21:00:00.000'),
(5, 4, '2024-03-25 16:00:00.000'),
(5, 8, '2024-04-15 16:00:00.000');

-- ============================================================
-- 9. 插入消息
-- ============================================================
INSERT INTO `messages` (`id`, `sender_id`, `receiver_id`, `content`, `type`, `status`, `created_at`) VALUES
(1, 1, 2, '你好，看了你的手机评测，写得很专业！', 'text', 1, '2024-03-21 10:00:00.000'),
(2, 2, 1, '谢谢支持！有问题随时交流', 'text', 1, '2024-03-21 10:05:00.000'),
(3, 3, 1, '那家咖啡馆真的不错，谢谢推荐', 'text', 0, '2024-03-12 14:00:00.000'),
(4, 4, 5, '你的健身分享太有用了，已经开始跟着练了', 'text', 0, '2024-04-22 08:00:00.000'),
(5, 5, 4, '加油！坚持一个月就能看到效果', 'text', 1, '2024-04-22 08:30:00.000');

-- ============================================================
-- 10. 插入通知
-- ============================================================
INSERT INTO `notifications` (`id`, `user_id`, `type`, `source_id`, `source_type`, `content`, `is_read`, `created_at`) VALUES
(1, 1, 'like', 3, 'note', '科技极客 赞了你的笔记《上海周末去哪儿？这家咖啡馆太治愈了》', 1, '2024-03-10 15:00:00.000'),
(2, 1, 'comment', 2, 'comment', '美食探店喵 评论了你的笔记：收藏了，周末去打卡', 1, '2024-03-10 16:00:00.000'),
(3, 1, 'follow', 3, 'user', '美食探店喵 关注了你', 0, '2024-03-01 08:00:00.000'),
(4, 2, 'like', 4, 'note', '旅行达人阿伟 赞了你的笔记《2024年最值得入手的三款手机横评》', 0, '2024-03-20 12:30:00.000'),
(5, 3, 'like', 6, 'note', '小红爱生活 赞了你的笔记《成都必吃！这家火锅让我排队3小时也值得》', 1, '2024-04-01 19:00:00.000'),
(6, 3, 'follow', 5, 'user', '健身达人Lily 关注了你', 0, '2024-04-01 06:00:00.000'),
(7, 4, 'comment', 8, 'comment', '科技极客 评论了你的笔记：新疆已加入我的旅行清单', 0, '2024-04-10 09:00:00.000'),
(8, 5, 'like', 10, 'note', '小红爱生活 赞了你的笔记《30天马甲线挑战，亲测有效》', 1, '2024-04-26 08:00:00.000'),
(9, 5, 'comment', 4, 'comment', '旅行达人阿伟 评论了你的笔记：你的健身分享太有用了', 0, '2024-04-22 08:00:00.000'),
(10, 1, 'system', 0, 'system', '欢迎来到榔头社区！完善个人资料可以获得更多曝光哦', 0, '2024-01-10 08:30:00.000');
